<NotepadPlus>
    <UserLang name="FO" ext="fos">
        <Settings>
            <Global caseIgnored="no" />
            <TreatAsSymbol comment="yes" commentLine="yes" />
            <Prefix words1="no" words2="no" words3="no" words4="no" />
        </Settings>
        <KeywordLists>
            <Keywords name="Delimiters">000000</Keywords>
            <Keywords name="Folder+"></Keywords>
            <Keywords name="Folder-"></Keywords>
            <Keywords name="Operators">&apos; - ! &quot; $ % &amp; ( ) , . : ; ? @ [ \ ] ^ ` | ~ + &lt; = &gt;</Keywords>
            <Keywords name="Comment">1/* 2*/ 0// 0#</Keywords>
            <Keywords name="Words1">AddAttackPlane AddExperience AddItem AddNpc AddPickPlane AddPlane AddScore AddTextListener AddWalkPlane Animate ArrayErase ArrayPushBack CarGetBag ChangeProto CheckKey CheckPlaceForCar CloseDoor CountEntire CountItem CountItemByType CreateAnyData CreateLocation CreateTimeEvent DeleteItem DeleteLocation DeleteNpc DLGSTR EraseAnyData ErasePlane EraseTimeEvent FlushScreen GetAnyData GetBagId GetCar GetCount GetCritter GetCritterHex GetCritters GetCrittersDistantion GetData GetDialogId GetDirection GetDistantion GetDoor GetEntireCoords GetFollowGroup GetFullMinute GetGlobalVar GetItem GetItem GetItemById GetItems GetLastError GetLocalVar GetMap GetMapInLocation GetMapPosition GetMax GetMin GetNearFullMinute GetNpc GetPerk GetPlayer GetPlayerId GetProtoId GetProtoItem GetProtoMap GetQuestStr GetRain GetScriptId GetStat GetState GetTeamId GetTime GetTimeout GetType GetUnicumVar GetValue InjureCritter IsBusy IsCar IsFree IsHexPassed IsHexRaked IsKnownLoc IsKnownLoc IsNoPlanes IsNpc IsPlayer IsQuest ItemsCount ItemsSize ItemsWeight Log MoveHexByDir MoveItem MoveItemCrit MoveItemFromCont MoveItemsContainers MoveItemsContToCritter MoveItemToCont MoveRandom MoveToDir OpenDoor PickItem Random resize RunDialog RunEffect RunFlyEffect Save Say SayMsg SendMessage SendParam SendPerk SendQuestVar SendSkill SendStat SetBestScore SetCount SetData SetDir SetKnownLoc SetKnownLoc SetLoopTime SetPerk SetRain SetScript SetStartLocation SetState SetText SetTextMsg SetTextStr SetTime SetTimeout ShowContainer StrToInt TimeEventGetCritter TimeEventGetItem ToDead Update UpdateAnyData Wait WorldItemCount</Keywords>
            <Keywords name="Words2">ACCESSORY_CONT ACCESSORY_CRIT ACCESSORY_HEX ACCESSORY_NONE ACT_ACTIVATE_OBJ ACT_CHANGE_ARM ACT_CR_DEAD ACT_DACTIVATE_OBJ ACT_DEAD ACT_DEFEAT ACT_DEFEAT_FRONT ACT_DEFEAT_KO_FRONT ACT_DEFEAT_KO_REAR ACT_DEFEAT_MISS ACT_DEFEAT_REAR ACT_DISCONNECT ACT_DROP_OBJ ACT_HIDE_OBJ ACT_NULL ACT_PICK_OBJ_DOWN ACT_PICK_OBJ_UP ACT_REFRESH ACT_SHOW_OBJ ACT_USE_OBJ CLAMP COND_DEAD COND_DEAD_BRUST COND_DEAD_CR_BRUST COND_DEAD_CR_NORMAL_UP COND_DEAD_ELECTR COND_DEAD_EMP COND_DEAD_EXPLODE COND_DEAD_FIRE COND_DEAD_LASER COND_DEAD_NORMAL_DOWN COND_DEAD_NORMAL_UP COND_DEAD_PLASMA COND_KNOCK_OUT COND_KO_DOWN COND_KO_UP COND_LIFE COND_LIFE_ACTWEAP COND_LIFE_NONE COND_LIFE_OFFLINE COND_LIFE_USEOBJ COND_NOT_IN_GAME DAMAGE_ELECTR DAMAGE_EMP DAMAGE_EXPLODE DAMAGE_FIRE DAMAGE_LASER DAMAGE_NORMAL DAMAGE_PLASMA GameDay GameForceDialog GameFullMinute GameHour GameMainLoopTick GameMinute GameMonth GameTimeMultiplier GameYear GENDER_FEMALE GENDER_MALE ITEM_AMMO ITEM_ARMOR ITEM_CONTAINER ITEM_DOOR ITEM_DRUG ITEM_GENERIC ITEM_GRID ITEM_KEY ITEM_MISC ITEM_MISC2 ITEM_TILE ITEM_WALL ITEM_WEAPON MAX MESSAGE_TO_ALL_ON_MAP MESSAGE_TO_IAM_VISIBLE MESSAGE_TO_VISIBLE_ME MIN MODULE_NAME PARAM_PERK PARAM_SKIL PARAM_STAT PE_DAMAGE_EYE PE_DAMAGE_LEFT_ARM PE_DAMAGE_LEFT_LEG PE_DAMAGE_POISONED PE_DAMAGE_RADIATED PE_DAMAGE_RIGHT_ARM PE_DAMAGE_RIGHT_LEG POW2 POW3 SAY_APPEND SAY_DIALOG SAY_EMOTE SAY_EMOTE_ON_HEAD SAY_NETMSG SAY_NORM SAY_NORM_ON_HEAD SAY_RADIO SAY_SHOUT SAY_SHOUT_ON_HEAD SAY_SOCIAL SAY_WHISP SAY_WHISP_ON_HEAD SLOT_ARMOR SLOT_HAND1 SLOT_HAND2 SLOT_INV ST_AGILITY ST_CHARISMA ST_ENDURANCE ST_INTELLECT ST_LUCK ST_PERCEPTION ST_STRENGHT TEXTMSG_COMBAT TEXTMSG_CRAFT TEXTMSG_DLG TEXTMSG_GAME TEXTMSG_GM TEXTMSG_HOLO TEXTMSG_NPC TEXTMSG_OBJ TEXTMSG_QUEST TEXTMSG_TEXT</Keywords>
            <Keywords name="Words3">and bits bits16 bits32 bits8 bool break case cast const continue Critter default do double else false float for from GameVar if import in inout int int16 int32 int8 interface Item Map not null or out ProtoItem return Scenery string struct switch true uint uint16 uint32 uint8 valid void while xor</Keywords>
            <Keywords name="Words4">Accessory ActionPoints Age Agility AnimHideBegin AnimHideEnd AnimShowBegin AnimShowEnd AnimStayBegin AnimStayEnd AnimWaitBase ArmorClass Barter BaseType BigGun BigGuns BlastAbsorb BlastResist BrokenInfo Car_CritCapacity Car_FuelConsumption Car_FuelTank Car_Negotiability Car_RunToBreak Car_Speed Car_WalkType Car_Wear CarryWeight Charisma Cond CondExt ContainerId Cost CriticalChance CritId CritSlot Doctor ElectroAbsorb ElectroResist EmpAbsorb EmpResist Endurance EnergyWeapons Experience FireAbsorb FireResist FirstAid Flags FollowCrit Gambling Gender HealingRrate HexX HexX HexY HexY Hp Id IngureAbsorb IngureResist Intellect Karma LaserAbsorb LaserResist Level LockerComplexity LockerCondition LockerId Lockpick Luck m2_Val1 m2_Val2 m2_Val3 MapId Material MaxCritical MaxHp MeleeDamage MeleeWeapons NpcRole Ori Outdoorsman Perception PlasmaAbsorb PlasmaResist PoisoningLevel PoisonResistance Proto RadiationLevel RadiationResistance Repair ReplicationCount ReplicationMoney ReplicationTime Science Sequence Size SmallGuns Sneak SortValue SpecialId SpecialId Speech State Steal Strenght Throwing Traps TwoHands Unarmed UnspentPerks UnspentSkillPoints Var0 Var1 Var2 Var3 Var4 Var5 Var6 Var7 Var8 Var9 WeaponDamage Weather Weight WorldX WorldY</Keywords>
        </KeywordLists>
        <Styles>
            <WordsStyle name="DEFAULT" styleID="11" fgColor="000000" bgColor="FFFFFF" fontName="" fontStyle="0" />
            <WordsStyle name="FOLDEROPEN" styleID="12" fgColor="8080FF" bgColor="FFFFFF" fontName="" fontStyle="0" />
            <WordsStyle name="FOLDERCLOSE" styleID="13" fgColor="8080FF" bgColor="FFFFFF" fontName="" fontStyle="0" />
            <WordsStyle name="KEYWORD1" styleID="5" fgColor="FF8000" bgColor="FFFFFF" fontName="" fontStyle="0" />
            <WordsStyle name="KEYWORD2" styleID="6" fgColor="800000" bgColor="FFFFFF" fontName="" fontStyle="1" />
            <WordsStyle name="KEYWORD3" styleID="7" fgColor="0000FF" bgColor="FFFFFF" fontName="" fontStyle="0" />
            <WordsStyle name="KEYWORD4" styleID="8" fgColor="808000" bgColor="FFFFFF" fontName="" fontStyle="0" />
            <WordsStyle name="COMMENT" styleID="1" fgColor="008000" bgColor="FFFFFF" fontName="" fontStyle="0" />
            <WordsStyle name="COMMENT LINE" styleID="2" fgColor="008000" bgColor="FFFFFF" fontName="" fontStyle="0" />
            <WordsStyle name="NUMBER" styleID="4" fgColor="FF0000" bgColor="FFFFFF" fontName="" fontStyle="1" />
            <WordsStyle name="OPERATOR" styleID="10" fgColor="000000" bgColor="FFFFFF" fontName="" fontStyle="0" />
            <WordsStyle name="DELIMINER1" styleID="14" fgColor="000000" bgColor="FFFFFF" fontName="" fontStyle="0" />
            <WordsStyle name="DELIMINER2" styleID="15" fgColor="000000" bgColor="FFFFFF" fontName="" fontStyle="0" />
            <WordsStyle name="DELIMINER3" styleID="16" fgColor="000000" bgColor="FFFFFF" fontName="" fontStyle="0" />
        </Styles>
    </UserLang>
</NotepadPlus>
